What is Golang?,Golang is an open-source programming language.
How to use Gin?,Gin is a web framework for Go.
Who published the Human Development Index (HDI),United Nations Development Programme (UNDP).
When did the Indochina war take place,The Indochina War took place between 1946 - April 1975.
Who was the last Viceroy of India,Lord Louis Mountbatten
The term ecosystem was first coined by,Sir Arthur G. Tansley
Name the nodal agency of the Fly Ash Management and Utilisation Mission,Ministry of Environment Forest & Climate Change.
What is the theme of World Leprosy Day 2022,The theme for World Leprosy Day 2022 is United for Dignity.
Where is Lake Albert located,Lake Albert is also known as Albert Nyanza and Lake Mobutu Sese Seko. It is the northernmost of the lakes in the Western Rift Valley.
The CLAP programme was launched by which Indian state or UT,Andhra Pradesh launched the CLAP programme. The Andhra Pradesh government started the Clean Andhra Pradesh (CLAP)-Jagananna Swachha Sankalpam programme to clean up rural areas.
What is a Wildlife Sanctuary,It is an area where animal habitats and their surroundings are protected from any sort of disturbance. In these regions.
Where is the Chinnar Wildlife Sanctuary situated,Kerala.